{"lead_time": 104.01141636652986, "stays_in_weekend_nights": 0.9275986263506156, "stays_in_week_nights": 2.500301532791691, "adults": 1.8564033838679956, "children": 0.10388990333874994, "babies": 0.007948739425412514, "previous_cancellations": 0.08711784906608594, "previous_bookings_not_canceled": 0.13709690928888515, "booking_changes": 0.22112404724013737, "days_in_waiting_list": 2.321149174972778, "required_car_parking_spaces": 0.06251779881062065, "total_of_special_requests": 0.5713627607002262}