{"lead_time": 106.86309704798579, "stays_in_weekend_nights": 0.9986134945978056, "stays_in_week_nights": 1.9082856150485297, "adults": 0.5792609988330665, "children": 0.398561444786706, "babies": 0.09743619130130332, "previous_cancellations": 0.8443363841518928, "previous_bookings_not_canceled": 1.4974368477089461, "booking_changes": 0.6523055726747069, "days_in_waiting_list": 17.594720878752014, "required_car_parking_spaces": 0.24529114746719846, "total_of_special_requests": 0.7927984228089581}